{"0x0CE638E196f5141B9AA2fEDc07Ea158D94B458f9": {"0x798D1bE841a82a273720CE31c822C61a67a601C3": 9.503826596357924e+69}, "0x1d5E65a087eBc3d03a294412E46CE5D6882969f4": {"0x3472A5A71965499acd81997a54BBA8D852C6E53d": 8.513601023545426e+18, "0xfd05D3C7fe2924020620A8bE4961bBaA747e6305": 3.7606558457647217e+18, "0x2B5455aac8d64C14786c3a29858E43b5945819C0": 1.1501928203262716e+19}, "0x283fbf2f02104378086Cbfa9Ea1266C621c9AA2C": {"0x3472A5A71965499acd81997a54BBA8D852C6E53d": 2.7207140518186214e+18, "0x2B5455aac8d64C14786c3a29858E43b5945819C0": 2.0502954617132186e+18, "0xfd05D3C7fe2924020620A8bE4961bBaA747e6305": 6.199985663959214e+17}, "0x75D7B98B1c4beC2444C5A26De608B55F56Ff9FaA": {"0x3472A5A71965499acd81997a54BBA8D852C6E53d": 5.2939552220070554e+17, "0xfd05D3C7fe2924020620A8bE4961bBaA747e6305": 1.8322721241897626e+17, "0x2B5455aac8d64C14786c3a29858E43b5945819C0": 5.7419772311103245e+17}, "0x82E8936b187d83FD6eb2B7Dab5B19556e9DEFF1C": {"0x3472A5A71965499acd81997a54BBA8D852C6E53d": 1.6216891959754445e+17}, "0x963124CD39589aD8a9Ec94cA6a23c063e79e76DF": {"0x3472A5A71965499acd81997a54BBA8D852C6E53d": 5.2066635019890176e+17, "0x2B5455aac8d64C14786c3a29858E43b5945819C0": 6.575525239364063e+17, "0xfd05D3C7fe2924020620A8bE4961bBaA747e6305": 2.1395953871513955e+17}, "0xC1791da88cc94c9A39E606D8760183d21268dCBB": {"0x3472A5A71965499acd81997a54BBA8D852C6E53d": 8.527479447358509e+16, "0x2B5455aac8d64C14786c3a29858E43b5945819C0": 5.7530138928810496e+17}, "0xD50f649a2c9fD7AE88C223DA80e985D71DE45593": {"0x3472A5A71965499acd81997a54BBA8D852C6E53d": 5.738897646909254e+18, "0x2B5455aac8d64C14786c3a29858E43b5945819C0": 3.9348544891131187e+18, "0xfd05D3C7fe2924020620A8bE4961bBaA747e6305": 1.2803534634189335e+18}, "0xDEF090607C0628Eb1c36bE11038e68e0d34d44d5": {"0x3472A5A71965499acd81997a54BBA8D852C6E53d": 8.224837817646449e+18, "0x2B5455aac8d64C14786c3a29858E43b5945819C0": 4.828715975894356e+18}, "0xE3e202b2CAC2B3eC41219C69fE0D2352b19cef69": {"0x2B5455aac8d64C14786c3a29858E43b5945819C0": 3.047113455977e+17}, "0xFddE7aD56320B9CC691ad319a8fec2C8D6b993E6": {"0x3472A5A71965499acd81997a54BBA8D852C6E53d": 1.7635860309814546e+18, "0x2B5455aac8d64C14786c3a29858E43b5945819C0": 2.2742963578509965e+18, "0xfd05D3C7fe2924020620A8bE4961bBaA747e6305": 7.400281831697179e+17}, "0xbE7F051714DEa1d9cE10CEA1dbBe0BEdA6475ca1": {"0x798D1bE841a82a273720CE31c822C61a67a601C3": 3.1207987871113897e+69}, "0xd2BC4e7ECfA4Ec39069623854cD114Dcd8771B84": {"0x3472A5A71965499acd81997a54BBA8D852C6E53d": 1.4193161023066765e+18, "0x2B5455aac8d64C14786c3a29858E43b5945819C0": 1.758244957086317e+18}, "0xe0ea552A13303bBFc1f6A9F1AC8985A6d834fc61": {"0x3472A5A71965499acd81997a54BBA8D852C6E53d": 0.0, "0x798D1bE841a82a273720CE31c822C61a67a601C3": 1.0710632460446793e+70}}